Frame,TTC
1,12.2744
2,12.8623
3,12.6868
4,12.9322
5,14.0342
6,12.2125
7,15.5461
8,13.485
9,11.7805
10,11.3197
11,12.121
12,10.6918
13,11.5785
14,10.5035
15,9.38497
16,10.1629
17,9.13136
18,8.61125
