Frame,TTC
1,11.4796
2,12.0483
3,12.8008
4,13.3031
5,14.2426
6,13.5354
7,16.0305
8,12.8325
9,11.5462
10,10.5635
11,11.9808
12,11.0174
13,12.1727
14,9.85734
15,9.90787
16,10.24
17,9.52042
18,9.00608
