Frame,TTC
1,11.6103
2,13.5031
3,13.5393
4,13.5586
5,15.0465
6,14.2195
7,15.7662
8,14.6735
9,14.6405
10,11.6128
11,13.4785
12,10.9357
13,11.1698
14,11.6674
15,10.1378
16,10.1277
17,9.81587
18,9.29462
