Frame,TTC
1,11.9606
2,12.7577
3,12.9282
4,13.4972
5,14.7645
6,14.7313
7,15.329
8,14.4647
9,12.5632
10,11.3915
11,12.6671
12,10.528
13,10.9953
14,10.967
15,9.89327
16,10.4628
17,9.88832
18,8.35643
