Frame,TTC
1,10.9286
2,12.8511
3,13.238
4,14.3594
5,12.7107
6,12.655
7,14.6159
8,13.9035
9,10.6074
10,10.6592
11,13.6597
12,9.75229
13,11.4596
14,10.7648
15,9.54446
16,10.8526
17,9.52042
18,9.91548
