Frame,TTC
1,10.9213
2,15.3406
3,10.8525
4,22.7733
5,15.0432
6,15.2067
7,13.7324
8,18.1081
9,14.8539
10,9.86778
11,13.7368
12,12.1969
13,11.8439
14,10.991
15,10.304
16,12.0195
17,10.7936
18,9.03165
