Frame,TTC
1,9.83629
2,20.4081
3,12.0957
4,16.1492
5,-inf
6,-inf
7,-inf
8,10.9911
9,-inf
10,11.1389
11,7.74874
12,-inf
13,11.5966
14,-inf
15,-inf
16,16.8626
17,19.2026
18,19.8537
