Frame,TTC
1,-inf
2,8.38399
3,19.1337
4,11.8245
5,14.6857
6,-inf
7,-inf
8,18.3743
9,-inf
10,-inf
11,9.34128
12,-inf
13,-inf
14,-inf
15,-inf
16,22.3258
17,21.8692
18,23.3647
