Frame,TTC
1,16.5073
2,9.7741
3,9.75076
4,11.1446
5,49.9115
6,nan
7,nan
8,-inf
9,66.1635
10,63.5468
11,15.0858
12,24.4668
13,15.5928
14,9.99925
15,13.0251
16,10.0494
17,11.5794
18,12.7433
