Frame,TTC
1,11.0758
2,11.1036
3,31.5313
4,11.2833
5,79.3232
6,7.13793
7,8.92814
8,10.4367
9,14.8221
10,10.8822
11,7.52121
12,-inf
13,21.4216
14,11.3527
15,31.0397
16,36.1547
17,18.7061
18,50.0669
