Frame,TTC
1,12.0569
2,10.721
3,11.0247
4,10.8599
5,45.5018
6,-inf
7,nan
8,nan
9,18.3901
10,10.8775
11,10.8181
12,8.31342
13,8.59036
14,10.8542
15,nan
16,9.85736
17,nan
18,5.48789
