Frame,TTC
1,13.7302
2,11.8519
3,12.0801
4,13.4801
5,11.9072
6,13.7449
7,12.9363
8,12.1296
9,11.9559
10,14.0134
11,12.4454
12,12.3251
13,12.7042
14,11.5424
15,8.69538
16,9.94887
17,13.6593
18,7.15473
