Frame,TTC
1,13.0861
2,13.8102
3,11.0783
4,12.9702
5,12.1074
6,12.4359
7,13.6717
8,11.2653
9,11.3645
10,11.8697
11,12.1794
12,10.6
13,12.5068
14,11.1071
15,12.8595
16,11.5882
17,8.47574
18,8.93181
