Frame,TTC
1,11.1372
2,14.0246
3,13.6144
4,17.3096
5,15.5364
6,11.4788
7,14.9154
8,13.9315
9,12.8293
10,11.5324
11,13.1955
12,11.2564
13,9.66102
14,12.6324
15,11.5176
16,8.80793
17,8.86009
18,14.2418
