Frame,TTC
1,14.1453
2,13.6867
3,13.833
4,17.2724
5,16.832
6,11.918
7,15.8119
8,15.9459
9,14.8773
10,11.0227
11,12.3797
12,11.5357
13,9.44772
14,9.00637
15,9.24515
16,9.20586
17,8.54519
18,9.01264
