Frame,TTC
1,10.6669
2,14.1018
3,13.7848
4,18.3326
5,12.0172
6,11.7442
7,14.7194
8,19.0239
9,13.5928
10,11.8289
11,12.8142
12,12.6976
13,8.99438
14,12.809
15,8.93614
16,8.73299
17,8.88338
18,7.75436
