Frame,TTC
1,12.9722
2,12.264
3,16.963
4,13.1254
5,12.5951
6,7.14812
7,34.3404
8,28.9577
9,12.2426
10,13.7297
11,10.4914
12,10.1
13,9.22307
14,10.9678
15,8.09422
16,8.81392
17,10.2926
18,8.30978
